SIM,SPESSORE SC [m],SPESSORE INS [m],EPSILON_R SC [~],EPSILON_R INS [~],T [K],Wf [V],Ea [V],N0 [m^-3],Sigma [K_B * 300K],N0(2) [m^-3],Sigma(2) [K_B * 300K],SHIFT(2) [V],N0(3) [m^-3],Sigma(3) [K_B * 300K],SHIFT(3) [V],N0(4) [m^-3],Sigma(4) [K_B * 300K],SHIFT(4) [V],Exponential N0 [m^-3],Exponential lambda [K_B * 300K],Semiconductor area [m^2],C_sb [F],nodes,steps,V_min [V],V_max [V]
1,3.484607E-008,0.000000441,2.9,2.82,295,5,4,1000000000000000000000000000,3,0,5,0.1,0,0,0,0,0,0,0,0,0.00000081,1.163858E-011,801,6000,-5,50
2,3.442187E-008,0.000000441,2.9,2.82,295,5,4,999925000000000000000000000,1,27500000000000000000000,5,0.09,0,0,0,0,0,0,0,0,0.00000081,1.160155E-011,801,5000,-5,50
3,3.484607E-008,0.000000441,2.9,2.82,295,5,4,1000000000000000000000000000,3,0,5,0.1,0,0,0,0,0,0,0,0,0.00000081,1.163858E-011,801,15000,-5,150
4,3.442187E-008,0.000000441,2.9,2.82,295,5,4,999925000000000000000000000,1,27500000000000000000000,5,0.09,0,0,0,0,0,0,0,0,0.00000081,1.160155E-011,801,15000,-5,150
5,4.019457E-008,0.000000441,2.9,2.82,295,5,4,2000000000000000000000000,2.1,0,4,0.09,0,0,0,0,0,0,0,0,0.00000081,1.209996E-011,801,1000,-5,50
6,3.484607E-008,0.000000441,2.9,2.82,295,4.9,4,1000000000000000000000000000,3,0,5,0.1,0,0,0,0,0,0,0,0,0.00000081,1.163858E-011,801,3000,-5,25
7,3.484607E-008,0.000000441,2.9,2.82,295,4.8,4,1000000000000000000000000000,3,0,5,0.1,0,0,0,0,0,0,0,0,0.00000081,1.163858E-011,801,3000,-5,25
